ssc_p,hsc_p,degree_p,workex,etest_p,specialisation,mba_p,status
85,82,80,Yes,78,Mkt&Fin,75,Placed
78,80,76,Yes,72,Mkt&Fin,70,Placed
72,75,73,No,68,Mkt&HR,68,Placed
65,68,67,No,55,Mkt&HR,62,Not Placed
60,62,64,No,48,Mkt&HR,58,Not Placed
88,86,84,Yes,85,Mkt&Fin,82,Placed
91,89,88,Yes,90,Mkt&Fin,87,Placed
74,70,72,Yes,65,Mkt&HR,69,Placed
69,71,68,No,60,Mkt&HR,64,Not Placed
82,84,79,Yes,80,Mkt&Fin,76,Placed
77,73,75,No,70,Mkt&HR,71,Placed
63,66,61,No,52,Mkt&HR,55,Not Placed
86,81,83,Yes,76,Mkt&Fin,79,Placed
71,69,70,No,58,Mkt&HR,60,Not Placed
80,78,77,Yes,74,Mkt&Fin,73,Placed
67,65,66,No,50,Mkt&HR,57,Not Placed
89,87,85,Yes,88,Mkt&Fin,84,Placed
76,79,74,Yes,67,Mkt&HR,72,Placed
61,64,60,No,45,Mkt&HR,54,Not Placed
83,85,81,Yes,79,Mkt&Fin,78,Placed
70,72,69,No,62,Mkt&HR,65,Not Placed
92,90,91,Yes,93,Mkt&Fin,89,Placed
79,77,80,Yes,71,Mkt&HR,75,Placed
66,68,65,No,54,Mkt&HR,59,Not Placed
87,84,86,Yes,82,Mkt&Fin,81,Placed
73,76,71,No,64,Mkt&HR,67,Placed
62,60,63,No,46,Mkt&HR,52,Not Placed
81,83,78,Yes,77,Mkt&Fin,74,Placed
75,74,76,No,69,Mkt&HR,70,Placed
68,67,69,No,57,Mkt&HR,61,Not Placed
90,88,89,Yes,91,Mkt&Fin,86,Placed
84,82,83,Yes,80,Mkt&Fin,77,Placed
64,63,62,No,49,Mkt&HR,56,Not Placed
78,81,77,Yes,73,Mkt&Fin,72,Placed
72,68,70,No,61,Mkt&HR,63,Not Placed
86,89,84,Yes,86,Mkt&Fin,83,Placed
69,73,67,No,59,Mkt&HR,60,Not Placed
80,82,81,Yes,75,Mkt&Fin,76,Placed
58,61,59,No,43,Mkt&HR,50,Not Placed
88,85,87,Yes,84,Mkt&Fin,85,Placed
74,72,73,Yes,66,Mkt&HR,68,Placed
63,65,64,No,51,Mkt&HR,55,Not Placed
91,92,89,Yes,94,Mkt&Fin,90,Placed
77,75,78,No,70,Mkt&HR,73,Placed
60,59,62,No,44,Mkt&HR,51,Not Placed
83,80,82,Yes,78,Mkt&Fin,79,Placed
71,74,70,No,63,Mkt&HR,66,Not Placed
89,86,88,Yes,89,Mkt&Fin,85,Placed
67,69,65,No,53,Mkt&HR,58,Not Placed
79,82,76,Yes,72,Mkt&Fin,74,Placed
